{
    "accuracy": 0.8993506493506493,
    "precision": 0.8831168831168831,
    "recall": 0.912751677852349,
    "f1": 0.8976897689768977
}
